subjectGroup,browser,version,screenWidth,screenHeight,OS,OS_lang,GMT_timestamp,local_timestamp,trial_file_version,link,calibration,id,age,gender,ethnicity,duration_s
"2",Chrome,121.0.0.0,1920,1080,Windows,en-GB,2024-02-05_10:42:50,2024-02-05_10:42:50,2023-12-13_11:01:32,https://www.testable.org/experiment/14865/146518/start,0.72,LDJ53,"21",woman,White,813.975

rowNo,type,stim1,stimFormat,ITI,key,keyboard,random,head,body,responseType,responseOptions,pageBreak,fixation,subjectGroup,cursor,identity condition,Time,time_block,ITI_ms,ITI_f,ITI_fDuration,timestamp,response,RT,correct,responseCode
"133",test,DV_118_C2_118_00,.jpg,"800",s,s l,"1","","","","","",ITI,"2",hide,Match,absent,"1",801,48,"16.69",493153,s,6032,"1",""
"182",test,DV_078_C2_125_00,.jpg,"800",l,s l,"1","","","","","",ITI,"2",hide,Mismatch,absent,"1",801,48,"16.68",496785,l,2845,"1",""
"186",test,DV_013_C2_235_00,.jpg,"800",l,s l,"1","","","","","",ITI,"2",hide,Mismatch,absent,"1",801,48,"16.68",499120,l,1542,"1",""
"168",test,C2_070_DV_128_00,.jpg,"800",l,s l,"1","","","","","",ITI,"2",hide,Mismatch,absent,"1",801,48,"16.68",501120,l,1208,"1",""
"184",test,DV_237_C2_297_00,.jpg,"800",l,s l,"1","","","","","",ITI,"2",hide,Mismatch,absent,"1",801,48,"16.69",502919,l,1003,"1",""
"137",test,C2_142_DV_142_00,.jpg,"800",s,s l,"1","","","","","",ITI,"2",hide,Match,absent,"1",801,48,"16.69",504768,s,1051,"1",""
"146",test,DV_062_C2_062_00,.jpg,"800",s,s l,"1","","","","","",ITI,"2",hide,Match,absent,"1",801,48,"16.69",507856,s,2288,"1",""
"141",test,C2_040_DV_040_00,.jpg,"800",s,s l,"1","","","","","",ITI,"2",hide,Match,absent,"1",801,48,"16.68",509599,s,944,"1",""
"162",test,C2_179_DV_021_00,.jpg,"800",l,s l,"1","","","","","",ITI,"2",hide,Mismatch,absent,"1",801,48,"16.68",511279,s,889,"0",""
"178",test,DV_299_C2_111_00,.jpg,"800",l,s l,"1","","","","","",ITI,"2",hide,Mismatch,absent,"1",801,48,"16.69",513201,l,1124,"1",""
"179",test,C2_289_DV_039_00,.jpg,"800",l,s l,"1","","","","","",ITI,"2",hide,Mismatch,absent,"1",801,48,"16.68",516383,l,2390,"1",""
"172",test,C2_288_DV_255_00,.jpg,"800",l,s l,"1","","","","","",ITI,"2",hide,Mismatch,absent,"1",801,48,"16.69",519249,l,2068,"1",""
"174",test,DV_007_C2_098_00,.jpg,"800",l,s l,"1","","","","","",ITI,"2",hide,Mismatch,absent,"1",801,48,"16.68",522856,l,2823,"1",""
"138",test,C2_112_DV_112_00,.jpg,"800",s,s l,"1","","","","","",ITI,"2",hide,Match,absent,"1",801,48,"16.68",524991,s,1337,"1",""
"166",test,C2_222_DV_204_00,.jpg,"800",l,s l,"1","","","","","",ITI,"2",hide,Mismatch,absent,"1",801,48,"16.68",528073,s,2284,"0",""
"139",test,DV_064_C2_064_00,.jpg,"800",s,s l,"1","","","","","",ITI,"2",hide,Match,absent,"1",801,48,"16.68",529848,s,989,"1",""
"150",test,C2_105_DV_105_00,.jpg,"800",s,s l,"1","","","","","",ITI,"2",hide,Match,absent,"1",801,48,"16.68",531567,s,924,"1",""
"154",test,DV_166_C2_166_00,.jpg,"800",s,s l,"1","","","","","",ITI,"2",hide,Match,absent,"1",801,48,"16.68",533584,s,1221,"1",""
"171",test,C2_023_DV_304_00,.jpg,"800",l,s l,"1","","","","","",ITI,"2",hide,Mismatch,absent,"1",801,48,"16.68",535807,l,1426,"1",""
"175",test,C2_174_DV_183_00,.jpg,"800",l,s l,"1","","","","","",ITI,"2",hide,Mismatch,absent,"1",801,48,"16.69",539545,s,2944,"0",""
"165",test,DV_020_C2_090_00,.jpg,"800",l,s l,"1","","","","","",ITI,"2",hide,Mismatch,absent,"1",801,48,"16.69",541951,l,1613,"1",""
"143",test,C2_146_DV_146_00,.jpg,"800",s,s l,"1","","","","","",ITI,"2",hide,Match,absent,"1",801,48,"16.68",543774,s,1036,"1",""
"185",test,C2_077_DV_133_00,.jpg,"800",l,s l,"1","","","","","",ITI,"2",hide,Mismatch,absent,"1",801,48,"16.68",546535,s,1961,"0",""
"169",test,DV_130_C2_253_00,.jpg,"800",l,s l,"1","","","","","",ITI,"2",hide,Mismatch,absent,"1",801,48,"16.68",548720,s,1394,"0",""
"149",test,C2_260_DV_260_00,.jpg,"800",s,s l,"1","","","","","",ITI,"2",hide,Match,absent,"1",801,48,"16.69",550424,s,911,"1",""
"160",test,C2_035_DV_019_00,.jpg,"800",l,s l,"1","","","","","",ITI,"2",hide,Mismatch,absent,"1",801,48,"16.68",552671,s,1456,"0",""
"176",test,DV_129_C2_199_00,.jpg,"800",l,s l,"1","","","","","",ITI,"2",hide,Mismatch,absent,"1",801,48,"16.69",554440,l,973,"1",""
"164",test,DV_044_C2_240_00,.jpg,"800",l,s l,"1","","","","","",ITI,"2",hide,Mismatch,absent,"1",801,48,"16.68",556415,l,1180,"1",""
"173",test,C2_095_DV_229_00,.jpg,"800",l,s l,"1","","","","","",ITI,"2",hide,Mismatch,absent,"1",801,48,"16.69",558799,l,1595,"1",""
"142",test,C2_258_DV_258_00,.jpg,"800",s,s l,"1","","","","","",ITI,"2",hide,Match,absent,"1",801,48,"16.69",560479,s,889,"1",""
"151",test,DV_200_C2_200_00,.jpg,"800",s,s l,"1","","","","","",ITI,"2",hide,Match,absent,"1",801,48,"16.68",562400,s,1126,"1",""
"147",test,C2_131_DV_131_00,.jpg,"800",s,s l,"1","","","","","",ITI,"2",hide,Match,absent,"1",801,48,"16.68",564079,s,887,"1",""
"127",test,DV_002_C2_002_00,.jpg,"800",s,s l,"1","","","","","",ITI,"2",hide,Match,absent,"1",801,48,"16.69",565688,s,811,"1",""
"134",test,C2_294_DV_294_00,.jpg,"800",s,s l,"1","","","","","",ITI,"2",hide,Match,absent,"1",801,48,"16.68",567264,s,784,"1",""
"128",test,C2_080_DV_080_00,.jpg,"800",s,s l,"1","","","","","",ITI,"2",hide,Match,absent,"1",801,48,"16.68",568936,s,872,"1",""
"144",test,C2_271_DV_271_00,.jpg,"800",s,s l,"1","","","","","",ITI,"2",hide,Match,absent,"1",801,48,"16.68",570663,s,930,"1",""
"161",test,C2_009_DV_033_00,.jpg,"800",l,s l,"1","","","","","",ITI,"2",hide,Mismatch,absent,"1",801,48,"16.68",572303,s,851,"0",""
"152",test,DV_008_C2_008_00,.jpg,"800",s,s l,"1","","","","","",ITI,"2",hide,Match,absent,"1",801,48,"16.68",574143,s,1041,"1",""
"136",test,C2_226_DV_226_00,.jpg,"800",s,s l,"1","","","","","",ITI,"2",hide,Match,absent,"1",801,48,"16.68",575808,s,871,"1",""
"156",test,C2_290_DV_290_00,.jpg,"800",l,s l,"1","","","","","",ITI,"2",hide,Match,absent,"1",801,48,"16.68",577304,s,698,"0",""
"132",test,C2_182_DV_182_00,.jpg,"800",s,s l,"1","","","","","",ITI,"2",hide,Match,absent,"1",801,48,"16.68",578744,s,653,"1",""
"153",test,C2_071_DV_071_00,.jpg,"800",s,s l,"1","","","","","",ITI,"2",hide,Match,absent,"1",801,48,"16.68",580152,s,609,"1",""
"167",test,C2_092_DV_227_00,.jpg,"800",l,s l,"1","","","","","",ITI,"2",hide,Mismatch,absent,"1",801,48,"16.68",581704,s,761,"0",""
"181",test,DV_303_C2_217_00,.jpg,"800",l,s l,"1","","","","","",ITI,"2",hide,Mismatch,absent,"1",801,48,"16.68",583264,s,769,"0",""
"140",test,DV_004_C2_004_00,.jpg,"800",s,s l,"1","","","","","",ITI,"2",hide,Match,absent,"1",801,48,"16.68",584816,s,751,"1",""
"170",test,DV_067_C2_057_00,.jpg,"800",l,s l,"1","","","","","",ITI,"2",hide,Mismatch,absent,"1",801,48,"16.68",586880,l,1265,"1",""
"135",test,C2_291_DV_291_00,.jpg,"800",s,s l,"1","","","","","",ITI,"2",hide,Match,absent,"1",801,48,"16.68",589032,s,1364,"1",""
"180",test,C2_051_DV_238_00,.jpg,"800",l,s l,"1","","","","","",ITI,"2",hide,Mismatch,absent,"1",801,48,"16.68",590640,l,820,"1",""
"129",test,C2_036_DV_036_00,.jpg,"800",s,s l,"1","","","","","",ITI,"2",hide,Match,absent,"1",801,48,"16.68",592223,s,785,"1",""
"163",test,DV_203_C2_277_00,.jpg,"800",l,s l,"1","","","","","",ITI,"2",hide,Mismatch,absent,"1",801,48,"16.68",597751,l,4729,"1",""
"155",test,C2_140_DV_140_00,.jpg,"800",s,s l,"1","","","","","",ITI,"2",hide,Match,absent,"1",801,48,"16.68",599872,s,1328,"1",""
"158",test,C2_038_DV_081_00,.jpg,"800",l,s l,"1","","","","","",ITI,"2",hide,Mismatch,absent,"1",801,48,"16.68",601744,l,1080,"1",""
"159",test,C2_012_DV_245_00,.jpg,"800",l,s l,"1","","","","","",ITI,"2",hide,Mismatch,absent,"1",801,48,"16.68",603552,l,1019,"1",""
"131",test,C2_032_DV_032_00,.jpg,"800",s,s l,"1","","","","","",ITI,"2",hide,Match,absent,"1",801,48,"16.68",605865,s,1514,"1",""
"157",test,DV_059_C2_055_00,.jpg,"800",l,s l,"1","","","","","",ITI,"2",hide,Mismatch,absent,"1",801,48,"16.68",607897,l,1244,"1",""
"130",test,C2_053_DV_053_00,.jpg,"800",s,s l,"1","","","","","",ITI,"2",hide,Match,absent,"1",801,48,"16.68",609560,s,872,"1",""
"145",test,C2_181_Dv_181_00,.jpg,"800",s,s l,"1","","","","","",ITI,"2",hide,Match,absent,"1",801,48,"16.69",611840,s,1483,"1",""
"148",test,DV_190_C2_190_00,.jpg,"800",s,s l,"1","","","","","",ITI,"2",hide,Match,absent,"1",801,48,"16.68",613568,s,942,"1",""
"183",test,C2_037_DV_030_00,.jpg,"800",l,s l,"1","","","","","",ITI,"2",hide,Mismatch,absent,"1",801,48,"16.68",615464,l,1103,"1",""
"177",test,C2_076_DV_079_00,.jpg,"800",l,s l,"1","","","","","",ITI,"2",hide,Mismatch,absent,"1",801,48,"16.68",617392,l,1129,"1",""
"187",form,"","","","","","",How stressed did you feel during the previous task?,"-10 being completely relaxed, 0 being neither relaxed nor stressed, and +10 being extremely stressed",slider,-10_10_1,"1","","2","","",absent,"",801,"","",635714,-8,17782,"0",-8
"245",test,C2_139_DV_120_00,.jpg,"800",l,s l,"2","","","","","",ITI,"2",hide,Mismatch,present,"2",801,48,"16.68",679263,l,7696,"1",""
"212",test,C2_153_DV_153_00,.jpg,"800",s,s l,"2","","","","","",ITI,"2",hide,Match,present,"2",801,48,"16.68",681503,s,1444,"1",""
"204",test,DV_046_C2_046_00,.jpg,"800",s,s l,"2","","","","","",ITI,"2",hide,Match,present,"2",801,48,"16.69",683191,s,895,"1",""
"205",test,C2_207_DV_207_00,.jpg,"800",s,s l,"2","","","","","",ITI,"2",hide,Match,present,"2",801,48,"16.69",684968,s,988,"1",""
"213",test,DV_089_C2_089_00,.jpg,"800",s,s l,"2","","","","","",ITI,"2",hide,Match,present,"2",801,48,"16.68",686903,s,1138,"1",""
"229",test,DV_178_C2_060_00,.jpg,"800",l,s l,"2","","","","","",ITI,"2",hide,Mismatch,present,"2",801,48,"16.68",690025,l,2324,"1",""
"192",test,C2_014_DV_014_00,.jpg,"800",s,s l,"2","","","","","",ITI,"2",hide,Match,present,"2",801,48,"16.69",692952,s,2132,"1",""
"238",test,DV_208_C2_206_00,.jpg,"800",l,s l,"2","","","","","",ITI,"2",hide,Mismatch,present,"2",801,48,"16.68",695864,l,2125,"1",""
"239",test,DV_215_C2_050_00,.jpg,"800",l,s l,"2","","","","","",ITI,"2",hide,Mismatch,present,"2",801,48,"16.68",700272,l,3611,"1",""
"225",test,DV_024_C2_085_00,.jpg,"800",l,s l,"2","","","","","",ITI,"2",hide,Mismatch,present,"2",801,48,"16.69",702280,l,1216,"1",""
"247",test,C2_205_DV_048_00,.jpg,"800",l,s l,"2","","","","","",ITI,"2",hide,Mismatch,present,"2",801,48,"16.68",704351,l,1284,"1",""
"228",test,DV_143_C2_132_00,.jpg,"800",l,s l,"2","","","","","",ITI,"2",hide,Mismatch,present,"2",801,48,"16.69",706400,s,1248,"0",""
"202",test,C2_155_DV_155_00,.jpg,"800",s,s l,"2","","","","","",ITI,"2",hide,Match,present,"2",801,48,"16.68",708656,s,1470,"1",""
"220",test,C2_075_DV_074_00,.jpg,"800",l,s l,"2","","","","","",ITI,"2",hide,Mismatch,present,"2",801,48,"16.68",710753,s,1297,"0",""
"195",test,C2_293_DV_293_00,.jpg,"800",s,s l,"2","","","","","",ITI,"2",hide,Match,present,"2",801,48,"16.68",712320,s,778,"1",""
"248",test,C2_265_DV_287_00,.jpg,"800",l,s l,"2","","","","","",ITI,"2",hide,Mismatch,present,"2",801,48,"16.69",713921,s,810,"0",""
"224",test,DV_052_C2_264_00,.jpg,"800",l,s l,"2","","","","","",ITI,"2",hide,Mismatch,present,"2",801,48,"16.69",715857,l,1145,"1",""
"191",test,DV_015_C2_015_00,.jpg,"800",s,s l,"2","","","","","",ITI,"2",hide,Match,present,"2",801,48,"16.68",717511,s,865,"1",""
"240",test,DV_219_C2_135_00,.jpg,"800",l,s l,"2","","","","","",ITI,"2",hide,Mismatch,present,"2",801,48,"16.68",720207,l,1910,"1",""
"206",test,DV_041_C2_041_00,.jpg,"800",s,s l,"2","","","","","",ITI,"2",hide,Match,present,"2",801,48,"16.69",721865,s,863,"1",""
"234",test,DV_114_C2_126_00,.jpg,"800",l,s l,"2","","","","","",ITI,"2",hide,Mismatch,present,"2",801,48,"16.68",724055,s,1402,"0",""
"211",test,DV_100_C2_100_00,.jpg,"800",s,s l,"2","","","","","",ITI,"2",hide,Match,present,"2",801,48,"16.68",725799,s,944,"1",""
"215",test,C2_157_DV_157_00,.jpg,"800",s,s l,"2","","","","","",ITI,"2",hide,Match,present,"2",801,48,"16.69",727351,s,761,"1",""
"210",test,DV_141_C2_141_00,.jpg,"800",s,s l,"2","","","","","",ITI,"2",hide,Match,present,"2",801,48,"16.68",729127,s,987,"1",""
"198",test,DV_087_C2_087_00,.jpg,"800",s,s l,"2","","","","","",ITI,"2",hide,Match,present,"2",801,48,"16.68",732105,s,2178,"1",""
"232",test,C2_123_DV_223_00,.jpg,"800",l,s l,"2","","","","","",ITI,"2",hide,Mismatch,present,"2",801,48,"16.68",733816,s,921,"0",""
"226",test,C2_099_DV_025_00,.jpg,"800",l,s l,"2","","","","","",ITI,"2",hide,Mismatch,present,"2",801,48,"16.68",735791,l,1178,"1",""
"219",test,C2_243_DV_243_00,.jpg,"800",s,s l,"2","","","","","",ITI,"2",hide,Mismatch,present,"2",801,48,"16.69",737440,s,858,"1",""
"235",test,C2_218_DV_109_00,.jpg,"800",l,s l,"2","","","","","",ITI,"2",hide,Mismatch,present,"2",801,48,"16.68",739239,l,1005,"1",""
"227",test,DV_295_C2_216_00,.jpg,"800",l,s l,"2","","","","","",ITI,"2",hide,Mismatch,present,"2",801,48,"16.68",740983,l,947,"1",""
"249",test,C2_242_DV_254_00,.jpg,"800",l,s l,"2","","","","","",ITI,"2",hide,Mismatch,present,"2",801,48,"16.68",743073,l,1301,"1",""
"203",test,C2_247_DV_247_00,.jpg,"800",s,s l,"2","","","","","",ITI,"2",hide,Match,present,"2",801,48,"16.69",744831,s,957,"1",""
"193",test,C2_045_DV_045_00,.jpg,"800",s,s l,"2","","","","","",ITI,"2",hide,Match,present,"2",801,48,"16.68",746816,s,1191,"1",""
"190",test,C2_113_DV_113_00,.jpg,"800",s,s l,"2","","","","","",ITI,"2",hide,Match,present,"2",801,48,"16.68",749088,s,1478,"1",""
"223",test,C2_031_DV_083_00,.jpg,"800",l,s l,"2","","","","","",ITI,"2",hide,Mismatch,present,"2",801,48,"16.68",750800,l,921,"1",""
"218",test,C2_257_DV_257_00,.jpg,"800",s,s l,"2","","","","","",ITI,"2",hide,Match,present,"2",801,48,"16.69",752335,s,737,"1",""
"217",test,C2_194_DV_194_00,.jpg,"800",s,s l,"2","","","","","",ITI,"2",hide,Match,present,"2",801,48,"16.68",754391,s,1259,"1",""
"208",test,DV_127_C2_127_00,.jpg,"800",s,s l,"2","","","","","",ITI,"2",hide,Match,present,"2",801,48,"16.68",755935,s,750,"1",""
"197",test,DV_167_C2_167_00,.jpg,"800",s,s l,"2","","","","","",ITI,"2",hide,Match,present,"2",801,48,"16.69",757623,s,904,"1",""
"242",test,C2_108_DV_282_00,.jpg,"800",l,s l,"2","","","","","",ITI,"2",hide,Mismatch,present,"2",801,48,"16.68",762455,s,4034,"0",""
"237",test,C2_261_DV_201_00,.jpg,"800",l,s l,"2","","","","","",ITI,"2",hide,Mismatch,present,"2",801,48,"16.69",764521,l,1277,"1",""
"214",test,DV_147_C2_147_00,.jpg,"800",s,s l,"2","","","","","",ITI,"2",hide,Match,present,"2",801,48,"16.68",766544,s,1233,"1",""
"221",test,DV_091_C2_211_00,.jpg,"800",l,s l,"2","","","","","",ITI,"2",hide,Mismatch,present,"2",801,48,"16.69",768368,l,1038,"1",""
"222",test,C2_003_DV_018_00,.jpg,"800",l,s l,"2","","","","","",ITI,"2",hide,Mismatch,present,"2",801,48,"16.68",770415,l,1249,"1",""
"199",test,DV_103_C2_103_00,.jpg,"800",s,s l,"2","","","","","",ITI,"2",hide,Match,present,"2",801,48,"16.69",772223,s,1023,"1",""
"230",test,C2_011_DV_049_00,.jpg,"800",l,s l,"2","","","","","",ITI,"2",hide,Mismatch,present,"2",801,48,"16.68",774535,l,1516,"1",""
"201",test,C2_172_DV_172_00,.jpg,"800",s,s l,"2","","","","","",ITI,"2",hide,Match,present,"2",801,48,"16.69",776167,s,845,"1",""
"200",test,C2_034_DV_034_00,.jpg,"800",s,s l,"2","","","","","",ITI,"2",hide,Match,present,"2",801,48,"16.68",778119,l,1163,"0",""
"209",test,DV_137_C2_137_00,.jpg,"800",s,s l,"2","","","","","",ITI,"2",hide,Match,present,"2",801,48,"16.69",779752,s,843,"1",""
"216",test,DV_027_C2_027_00,.jpg,"800",s,s l,"2","","","","","",ITI,"2",hide,Match,present,"2",801,48,"16.68",781519,s,975,"1",""
"233",test,C2_246_DV_160_00,.jpg,"800",l,s l,"2","","","","","",ITI,"2",hide,Mismatch,present,"2",801,48,"16.68",783113,s,801,"0",""
"244",test,DV_231_C2_259_00,.jpg,"800",l,s l,"2","","","","","",ITI,"2",hide,Mismatch,present,"2",801,48,"16.68",785393,l,1480,"1",""
"241",test,DV_170_C2_270_00,.jpg,"800",l,s l,"2","","","","","",ITI,"2",hide,Mismatch,present,"2",801,48,"16.68",787631,l,1448,"1",""
"246",test,DV_094_C2_022_00,.jpg,"800",l,s l,"2","","","","","",ITI,"2",hide,Mismatch,present,"2",801,48,"16.68",789631,l,1213,"1",""
"231",test,C2_171_DV_185_00,.jpg,"800",l,s l,"2","","","","","",ITI,"2",hide,Mismatch,present,"2",801,48,"16.69",791864,l,1444,"1",""
"207",test,C2_256_DV_256_00,.jpg,"800",s,s l,"2","","","","","",ITI,"2",hide,Match,present,"2",801,48,"16.68",793560,s,905,"1",""
"243",test,DV_154_C2_042_00,.jpg,"800",l,s l,"2","","","","","",ITI,"2",hide,Mismatch,present,"2",801,48,"16.68",795343,l,985,"1",""
"196",test,C2_152_DV_152_00,.jpg,"800",s,s l,"2","","","","","",ITI,"2",hide,Match,present,"2",801,48,"16.69",797687,s,1544,"1",""
"236",test,DV_097_C2_007_00,.jpg,"800",l,s l,"2","","","","","",ITI,"2",hide,Mismatch,present,"2",801,48,"16.69",799504,l,1026,"1",""
"194",test,C2_302_DV_302_00,.jpg,"800",s,s l,"2","","","","","",ITI,"2",hide,Match,present,"2",801,48,"16.68",801232,s,935,"1",""
"250",form,"","","","","","",How stressed did you feel during the previous task?,"-10 being completely relaxed, 0 being neither relaxed nor stressed, and +10 being extremely stressed",slider,-10_10_1,"1","","2","","",present,"",801,"","",807863,-5,6112,"0",-5