subjectGroup,browser,version,screenWidth,screenHeight,OS,OS_lang,GMT_timestamp,local_timestamp,trial_file_version,link,calibration,id,age,gender,ethnicity,duration_s
"2",Chrome,120.0.0.0,1920,1080,Windows,en-GB,2024-01-18_14:00:22,2024-01-18_14:00:22,2023-12-13_11:01:32,https://www.testable.org/experiment/14865/146518/start,0.58,RB15,"18",woman,White,402.423

rowNo,type,stim1,stimFormat,ITI,key,keyboard,random,head,body,responseType,responseOptions,pageBreak,fixation,subjectGroup,cursor,identity condition,Time,time_block,ITI_ms,ITI_f,ITI_fDuration,timestamp,response,RT,correct,responseCode
"140",test,DV_004_C2_004_00,.jpg,"800",s,s l,"1","","","","","",ITI,"2",hide,Match,absent,"1",801,48,"16.68",109894,s,1012,"1",""
"175",test,C2_174_DV_183_00,.jpg,"800",l,s l,"1","","","","","",ITI,"2",hide,Mismatch,absent,"1",801,48,"16.69",111550,l,868,"1",""
"142",test,C2_258_DV_258_00,.jpg,"800",s,s l,"1","","","","","",ITI,"2",hide,Match,absent,"1",801,48,"16.68",113348,s,1000,"1",""
"128",test,C2_080_DV_080_00,.jpg,"800",s,s l,"1","","","","","",ITI,"2",hide,Match,absent,"1",801,48,"16.68",114989,s,855,"1",""
"157",test,DV_059_C2_055_00,.jpg,"800",l,s l,"1","","","","","",ITI,"2",hide,Mismatch,absent,"1",801,48,"16.68",116749,l,963,"1",""
"149",test,C2_260_DV_260_00,.jpg,"800",s,s l,"1","","","","","",ITI,"2",hide,Match,absent,"1",801,48,"16.68",118582,s,1044,"1",""
"160",test,C2_035_DV_019_00,.jpg,"800",l,s l,"1","","","","","",ITI,"2",hide,Mismatch,absent,"1",801,48,"16.68",120261,l,888,"1",""
"135",test,C2_291_DV_291_00,.jpg,"800",s,s l,"1","","","","","",ITI,"2",hide,Match,absent,"1",801,48,"16.68",121814,s,757,"1",""
"151",test,DV_200_C2_200_00,.jpg,"800",s,s l,"1","","","","","",ITI,"2",hide,Match,absent,"1",801,48,"16.68",123469,s,861,"1",""
"170",test,DV_067_C2_057_00,.jpg,"800",l,s l,"1","","","","","",ITI,"2",hide,Mismatch,absent,"1",801,48,"16.69",125380,s,1119,"0",""
"137",test,C2_142_DV_142_00,.jpg,"800",s,s l,"1","","","","","",ITI,"2",hide,Match,absent,"1",801,48,"16.68",127005,s,826,"1",""
"144",test,C2_271_DV_271_00,.jpg,"800",s,s l,"1","","","","","",ITI,"2",hide,Match,absent,"1",801,48,"16.69",128582,s,784,"1",""
"162",test,C2_179_DV_021_00,.jpg,"800",l,s l,"1","","","","","",ITI,"2",hide,Mismatch,absent,"1",801,48,"16.69",130526,l,1143,"1",""
"161",test,C2_009_DV_033_00,.jpg,"800",l,s l,"1","","","","","",ITI,"2",hide,Mismatch,absent,"1",801,48,"16.68",132838,l,1521,"1",""
"174",test,DV_007_C2_098_00,.jpg,"800",l,s l,"1","","","","","",ITI,"2",hide,Mismatch,absent,"1",801,48,"16.69",134445,s,808,"0",""
"141",test,C2_040_DV_040_00,.jpg,"800",s,s l,"1","","","","","",ITI,"2",hide,Match,absent,"1",801,48,"16.68",136669,s,1430,"1",""
"127",test,DV_002_C2_002_00,.jpg,"800",s,s l,"1","","","","","",ITI,"2",hide,Match,absent,"1",801,48,"16.68",138613,l,1156,"0",""
"136",test,C2_226_DV_226_00,.jpg,"800",s,s l,"1","","","","","",ITI,"2",hide,Match,absent,"1",801,48,"16.68",140373,s,964,"1",""
"180",test,C2_051_DV_238_00,.jpg,"800",l,s l,"1","","","","","",ITI,"2",hide,Mismatch,absent,"1",801,48,"16.69",142014,l,853,"1",""
"138",test,C2_112_DV_112_00,.jpg,"800",s,s l,"1","","","","","",ITI,"2",hide,Match,absent,"1",801,48,"16.69",143869,s,1056,"1",""
"184",test,DV_237_C2_297_00,.jpg,"800",l,s l,"1","","","","","",ITI,"2",hide,Mismatch,absent,"1",801,48,"16.69",145654,l,990,"1",""
"131",test,C2_032_DV_032_00,.jpg,"800",s,s l,"1","","","","","",ITI,"2",hide,Match,absent,"1",801,48,"16.68",147237,s,788,"1",""
"167",test,C2_092_DV_227_00,.jpg,"800",l,s l,"1","","","","","",ITI,"2",hide,Mismatch,absent,"1",801,48,"16.68",148845,s,811,"0",""
"173",test,C2_095_DV_229_00,.jpg,"800",l,s l,"1","","","","","",ITI,"2",hide,Mismatch,absent,"1",801,48,"16.68",150620,l,985,"1",""
"183",test,C2_037_DV_030_00,.jpg,"800",l,s l,"1","","","","","",ITI,"2",hide,Mismatch,absent,"1",801,48,"16.69",152222,s,800,"0",""
"133",test,DV_118_C2_118_00,.jpg,"800",s,s l,"1","","","","","",ITI,"2",hide,Match,absent,"1",801,48,"16.69",154029,s,1006,"1",""
"179",test,C2_289_DV_039_00,.jpg,"800",l,s l,"1","","","","","",ITI,"2",hide,Mismatch,absent,"1",801,48,"16.68",155828,l,1004,"1",""
"129",test,C2_036_DV_036_00,.jpg,"800",s,s l,"1","","","","","",ITI,"2",hide,Match,absent,"1",801,48,"16.69",158061,l,1434,"0",""
"132",test,C2_182_DV_182_00,.jpg,"800",s,s l,"1","","","","","",ITI,"2",hide,Match,absent,"1",801,48,"16.68",159692,s,831,"1",""
"163",test,DV_203_C2_277_00,.jpg,"800",l,s l,"1","","","","","",ITI,"2",hide,Mismatch,absent,"1",801,48,"16.68",161516,l,1036,"1",""
"171",test,C2_023_DV_304_00,.jpg,"800",l,s l,"1","","","","","",ITI,"2",hide,Mismatch,absent,"1",801,48,"16.69",163958,l,1642,"1",""
"185",test,C2_077_DV_133_00,.jpg,"800",l,s l,"1","","","","","",ITI,"2",hide,Mismatch,absent,"1",801,48,"16.69",165484,s,734,"0",""
"154",test,DV_166_C2_166_00,.jpg,"800",s,s l,"1","","","","","",ITI,"2",hide,Match,absent,"1",801,48,"16.69",167365,s,1079,"1",""
"177",test,C2_076_DV_079_00,.jpg,"800",l,s l,"1","","","","","",ITI,"2",hide,Mismatch,absent,"1",801,48,"16.68",169333,l,1178,"1",""
"150",test,C2_105_DV_105_00,.jpg,"800",s,s l,"1","","","","","",ITI,"2",hide,Match,absent,"1",801,48,"16.68",171540,s,1418,"1",""
"153",test,C2_071_DV_071_00,.jpg,"800",s,s l,"1","","","","","",ITI,"2",hide,Match,absent,"1",801,48,"16.69",173204,s,862,"1",""
"176",test,DV_129_C2_199_00,.jpg,"800",l,s l,"1","","","","","",ITI,"2",hide,Mismatch,absent,"1",801,48,"16.69",174821,l,827,"1",""
"155",test,C2_140_DV_140_00,.jpg,"800",s,s l,"1","","","","","",ITI,"2",hide,Match,absent,"1",801,48,"16.68",176452,s,841,"1",""
"181",test,DV_303_C2_217_00,.jpg,"800",l,s l,"1","","","","","",ITI,"2",hide,Mismatch,absent,"1",801,48,"16.69",178061,s,813,"0",""
"147",test,C2_131_DV_131_00,.jpg,"800",s,s l,"1","","","","","",ITI,"2",hide,Match,absent,"1",801,48,"16.68",179605,s,756,"1",""
"164",test,DV_044_C2_240_00,.jpg,"800",l,s l,"1","","","","","",ITI,"2",hide,Mismatch,absent,"1",801,48,"16.68",181277,l,877,"1",""
"178",test,DV_299_C2_111_00,.jpg,"800",l,s l,"1","","","","","",ITI,"2",hide,Mismatch,absent,"1",801,48,"16.68",183309,l,1241,"1",""
"159",test,C2_012_DV_245_00,.jpg,"800",l,s l,"1","","","","","",ITI,"2",hide,Mismatch,absent,"1",801,48,"16.69",185180,l,1076,"1",""
"172",test,C2_288_DV_255_00,.jpg,"800",l,s l,"1","","","","","",ITI,"2",hide,Mismatch,absent,"1",801,48,"16.68",186997,l,1025,"1",""
"169",test,DV_130_C2_253_00,.jpg,"800",l,s l,"1","","","","","",ITI,"2",hide,Mismatch,absent,"1",801,48,"16.68",188964,s,1173,"0",""
"158",test,C2_038_DV_081_00,.jpg,"800",l,s l,"1","","","","","",ITI,"2",hide,Mismatch,absent,"1",801,48,"16.69",190965,l,1206,"1",""
"152",test,DV_008_C2_008_00,.jpg,"800",s,s l,"1","","","","","",ITI,"2",hide,Match,absent,"1",801,48,"16.69",192717,s,956,"1",""
"186",test,DV_013_C2_235_00,.jpg,"800",l,s l,"1","","","","","",ITI,"2",hide,Mismatch,absent,"1",801,48,"16.69",194629,l,1116,"1",""
"130",test,C2_053_DV_053_00,.jpg,"800",s,s l,"1","","","","","",ITI,"2",hide,Match,absent,"1",801,48,"16.68",196078,s,664,"1",""
"134",test,C2_294_DV_294_00,.jpg,"800",s,s l,"1","","","","","",ITI,"2",hide,Match,absent,"1",801,48,"16.69",197901,s,1035,"1",""
"146",test,DV_062_C2_062_00,.jpg,"800",s,s l,"1","","","","","",ITI,"2",hide,Match,absent,"1",801,48,"16.68",199693,l,991,"0",""
"156",test,C2_290_DV_290_00,.jpg,"800",l,s l,"1","","","","","",ITI,"2",hide,Match,absent,"1",801,48,"16.68",201685,s,1198,"0",""
"165",test,DV_020_C2_090_00,.jpg,"800",l,s l,"1","","","","","",ITI,"2",hide,Mismatch,absent,"1",801,48,"16.68",203565,l,1093,"1",""
"139",test,DV_064_C2_064_00,.jpg,"800",s,s l,"1","","","","","",ITI,"2",hide,Match,absent,"1",801,48,"16.68",205277,s,920,"1",""
"145",test,C2_181_Dv_181_00,.jpg,"800",s,s l,"1","","","","","",ITI,"2",hide,Match,absent,"1",801,48,"16.68",206781,s,705,"1",""
"168",test,C2_070_DV_128_00,.jpg,"800",l,s l,"1","","","","","",ITI,"2",hide,Mismatch,absent,"1",801,48,"16.68",208621,l,1044,"1",""
"148",test,DV_190_C2_190_00,.jpg,"800",s,s l,"1","","","","","",ITI,"2",hide,Match,absent,"1",801,48,"16.69",210220,s,809,"1",""
"143",test,C2_146_DV_146_00,.jpg,"800",s,s l,"1","","","","","",ITI,"2",hide,Match,absent,"1",801,48,"16.69",211781,s,768,"1",""
"166",test,C2_222_DV_204_00,.jpg,"800",l,s l,"1","","","","","",ITI,"2",hide,Mismatch,absent,"1",801,48,"16.69",213373,l,791,"1",""
"182",test,DV_078_C2_125_00,.jpg,"800",l,s l,"1","","","","","",ITI,"2",hide,Mismatch,absent,"1",801,48,"16.69",214893,s,726,"0",""
"187",form,"","","","","","",How stressed did you feel during the previous task?,"-10 being completely relaxed, 0 being neither relaxed nor stressed, and +10 being extremely stressed",slider,-10_10_1,"1","","2","","",absent,"",801,"","",229031,-8,13616,"0",-8
"215",test,C2_157_DV_157_00,.jpg,"800",s,s l,"2","","","","","",ITI,"2",hide,Match,present,"2",801,48,"16.69",278781,s,1367,"1",""
"226",test,C2_099_DV_025_00,.jpg,"800",l,s l,"2","","","","","",ITI,"2",hide,Mismatch,present,"2",801,48,"16.68",280485,l,919,"1",""
"238",test,DV_208_C2_206_00,.jpg,"800",l,s l,"2","","","","","",ITI,"2",hide,Mismatch,present,"2",801,48,"16.68",282196,l,912,"1",""
"211",test,DV_100_C2_100_00,.jpg,"800",s,s l,"2","","","","","",ITI,"2",hide,Match,present,"2",801,48,"16.68",283685,s,699,"1",""
"209",test,DV_137_C2_137_00,.jpg,"800",s,s l,"2","","","","","",ITI,"2",hide,Match,present,"2",801,48,"16.68",285189,s,719,"1",""
"234",test,DV_114_C2_126_00,.jpg,"800",l,s l,"2","","","","","",ITI,"2",hide,Mismatch,present,"2",801,48,"16.69",286998,s,1009,"0",""
"194",test,C2_302_DV_302_00,.jpg,"800",s,s l,"2","","","","","",ITI,"2",hide,Match,present,"2",801,48,"16.69",288493,s,702,"1",""
"199",test,DV_103_C2_103_00,.jpg,"800",s,s l,"2","","","","","",ITI,"2",hide,Match,present,"2",801,48,"16.69",290165,s,873,"1",""
"204",test,DV_046_C2_046_00,.jpg,"800",s,s l,"2","","","","","",ITI,"2",hide,Match,present,"2",801,48,"16.69",291885,s,925,"1",""
"222",test,C2_003_DV_018_00,.jpg,"800",l,s l,"2","","","","","",ITI,"2",hide,Mismatch,present,"2",801,48,"16.68",293445,l,767,"1",""
"243",test,DV_154_C2_042_00,.jpg,"800",l,s l,"2","","","","","",ITI,"2",hide,Mismatch,present,"2",801,48,"16.68",295197,l,967,"1",""
"212",test,C2_153_DV_153_00,.jpg,"800",s,s l,"2","","","","","",ITI,"2",hide,Match,present,"2",801,48,"16.69",296805,s,823,"1",""
"236",test,DV_097_C2_007_00,.jpg,"800",l,s l,"2","","","","","",ITI,"2",hide,Mismatch,present,"2",801,48,"16.68",298502,l,901,"1",""
"216",test,DV_027_C2_027_00,.jpg,"800",s,s l,"2","","","","","",ITI,"2",hide,Match,present,"2",801,48,"16.69",300133,s,831,"1",""
"224",test,DV_052_C2_264_00,.jpg,"800",l,s l,"2","","","","","",ITI,"2",hide,Mismatch,present,"2",801,48,"16.69",301845,l,925,"1",""
"227",test,DV_295_C2_216_00,.jpg,"800",l,s l,"2","","","","","",ITI,"2",hide,Mismatch,present,"2",801,48,"16.68",303565,l,926,"1",""
"220",test,C2_075_DV_074_00,.jpg,"800",l,s l,"2","","","","","",ITI,"2",hide,Mismatch,present,"2",801,48,"16.69",305469,l,1113,"1",""
"248",test,C2_265_DV_287_00,.jpg,"800",l,s l,"2","","","","","",ITI,"2",hide,Mismatch,present,"2",801,48,"16.69",307261,s,1002,"0",""
"245",test,C2_139_DV_120_00,.jpg,"800",l,s l,"2","","","","","",ITI,"2",hide,Mismatch,present,"2",801,48,"16.69",309013,l,952,"1",""
"228",test,DV_143_C2_132_00,.jpg,"800",l,s l,"2","","","","","",ITI,"2",hide,Mismatch,present,"2",801,48,"16.68",310861,s,1048,"0",""
"239",test,DV_215_C2_050_00,.jpg,"800",l,s l,"2","","","","","",ITI,"2",hide,Mismatch,present,"2",801,48,"16.69",312853,l,1205,"1",""
"231",test,C2_171_DV_185_00,.jpg,"800",l,s l,"2","","","","","",ITI,"2",hide,Mismatch,present,"2",801,48,"16.68",314525,s,875,"0",""
"214",test,DV_147_C2_147_00,.jpg,"800",s,s l,"2","","","","","",ITI,"2",hide,Match,present,"2",801,48,"16.69",316325,s,1007,"1",""
"237",test,C2_261_DV_201_00,.jpg,"800",l,s l,"2","","","","","",ITI,"2",hide,Mismatch,present,"2",801,48,"16.68",318405,s,1285,"0",""
"208",test,DV_127_C2_127_00,.jpg,"800",s,s l,"2","","","","","",ITI,"2",hide,Match,present,"2",801,48,"16.68",320276,l,1071,"0",""
"229",test,DV_178_C2_060_00,.jpg,"800",l,s l,"2","","","","","",ITI,"2",hide,Mismatch,present,"2",801,48,"16.69",322244,l,1170,"1",""
"205",test,C2_207_DV_207_00,.jpg,"800",s,s l,"2","","","","","",ITI,"2",hide,Match,present,"2",801,48,"16.69",323852,s,809,"1",""
"240",test,DV_219_C2_135_00,.jpg,"800",l,s l,"2","","","","","",ITI,"2",hide,Mismatch,present,"2",801,48,"16.69",325629,l,984,"1",""
"203",test,C2_247_DV_247_00,.jpg,"800",s,s l,"2","","","","","",ITI,"2",hide,Match,present,"2",801,48,"16.68",327284,s,856,"1",""
"235",test,C2_218_DV_109_00,.jpg,"800",l,s l,"2","","","","","",ITI,"2",hide,Mismatch,present,"2",801,48,"16.69",329036,l,956,"1",""
"202",test,C2_155_DV_155_00,.jpg,"800",s,s l,"2","","","","","",ITI,"2",hide,Match,present,"2",801,48,"16.69",330748,s,915,"1",""
"207",test,C2_256_DV_256_00,.jpg,"800",s,s l,"2","","","","","",ITI,"2",hide,Match,present,"2",801,48,"16.69",332461,s,927,"1",""
"232",test,C2_123_DV_223_00,.jpg,"800",l,s l,"2","","","","","",ITI,"2",hide,Mismatch,present,"2",801,48,"16.68",334437,s,1185,"0",""
"217",test,C2_194_DV_194_00,.jpg,"800",s,s l,"2","","","","","",ITI,"2",hide,Match,present,"2",801,48,"16.69",336365,s,1127,"1",""
"198",test,DV_087_C2_087_00,.jpg,"800",s,s l,"2","","","","","",ITI,"2",hide,Match,present,"2",801,48,"16.68",338061,s,904,"1",""
"190",test,C2_113_DV_113_00,.jpg,"800",s,s l,"2","","","","","",ITI,"2",hide,Match,present,"2",801,48,"16.68",339941,s,1084,"1",""
"206",test,DV_041_C2_041_00,.jpg,"800",s,s l,"2","","","","","",ITI,"2",hide,Match,present,"2",801,48,"16.69",341693,s,966,"1",""
"246",test,DV_094_C2_022_00,.jpg,"800",l,s l,"2","","","","","",ITI,"2",hide,Mismatch,present,"2",801,48,"16.68",343428,l,951,"1",""
"219",test,C2_243_DV_243_00,.jpg,"800",s,s l,"2","","","","","",ITI,"2",hide,Mismatch,present,"2",801,48,"16.68",345293,s,1080,"1",""
"218",test,C2_257_DV_257_00,.jpg,"800",s,s l,"2","","","","","",ITI,"2",hide,Match,present,"2",801,48,"16.68",346853,s,771,"1",""
"247",test,C2_205_DV_048_00,.jpg,"800",l,s l,"2","","","","","",ITI,"2",hide,Mismatch,present,"2",801,48,"16.68",348653,l,1002,"1",""
"230",test,C2_011_DV_049_00,.jpg,"800",l,s l,"2","","","","","",ITI,"2",hide,Mismatch,present,"2",801,48,"16.69",350405,l,953,"1",""
"233",test,C2_246_DV_160_00,.jpg,"800",l,s l,"2","","","","","",ITI,"2",hide,Mismatch,present,"2",801,48,"16.68",352213,l,1009,"1",""
"201",test,C2_172_DV_172_00,.jpg,"800",s,s l,"2","","","","","",ITI,"2",hide,Match,present,"2",801,48,"16.68",354013,s,1008,"1",""
"244",test,DV_231_C2_259_00,.jpg,"800",l,s l,"2","","","","","",ITI,"2",hide,Mismatch,present,"2",801,48,"16.68",355732,l,925,"1",""
"191",test,DV_015_C2_015_00,.jpg,"800",s,s l,"2","","","","","",ITI,"2",hide,Match,present,"2",801,48,"16.68",357317,s,791,"1",""
"223",test,C2_031_DV_083_00,.jpg,"800",l,s l,"2","","","","","",ITI,"2",hide,Mismatch,present,"2",801,48,"16.69",359044,s,933,"0",""
"241",test,DV_170_C2_270_00,.jpg,"800",l,s l,"2","","","","","",ITI,"2",hide,Mismatch,present,"2",801,48,"16.69",360629,l,784,"1",""
"193",test,C2_045_DV_045_00,.jpg,"800",s,s l,"2","","","","","",ITI,"2",hide,Match,present,"2",801,48,"16.69",362581,s,1167,"1",""
"249",test,C2_242_DV_254_00,.jpg,"800",l,s l,"2","","","","","",ITI,"2",hide,Mismatch,present,"2",801,48,"16.68",364517,l,1151,"1",""
"195",test,C2_293_DV_293_00,.jpg,"800",s,s l,"2","","","","","",ITI,"2",hide,Match,present,"2",801,48,"16.69",366269,s,951,"1",""
"210",test,DV_141_C2_141_00,.jpg,"800",s,s l,"2","","","","","",ITI,"2",hide,Match,present,"2",801,48,"16.68",368293,s,1223,"1",""
"221",test,DV_091_C2_211_00,.jpg,"800",l,s l,"2","","","","","",ITI,"2",hide,Mismatch,present,"2",801,48,"16.68",370341,l,1253,"1",""
"196",test,C2_152_DV_152_00,.jpg,"800",s,s l,"2","","","","","",ITI,"2",hide,Match,present,"2",801,48,"16.68",372285,s,1145,"1",""
"197",test,DV_167_C2_167_00,.jpg,"800",s,s l,"2","","","","","",ITI,"2",hide,Match,present,"2",801,48,"16.68",374589,s,1514,"1",""
"225",test,DV_024_C2_085_00,.jpg,"800",l,s l,"2","","","","","",ITI,"2",hide,Mismatch,present,"2",801,48,"16.68",376389,l,1011,"1",""
"192",test,C2_014_DV_014_00,.jpg,"800",s,s l,"2","","","","","",ITI,"2",hide,Match,present,"2",801,48,"16.68",378141,s,961,"1",""
"200",test,C2_034_DV_034_00,.jpg,"800",s,s l,"2","","","","","",ITI,"2",hide,Match,present,"2",801,48,"16.68",380045,s,1113,"1",""
"242",test,C2_108_DV_282_00,.jpg,"800",l,s l,"2","","","","","",ITI,"2",hide,Mismatch,present,"2",801,48,"16.68",381900,l,1067,"1",""
"213",test,DV_089_C2_089_00,.jpg,"800",s,s l,"2","","","","","",ITI,"2",hide,Match,present,"2",801,48,"16.69",383533,s,832,"1",""
"250",form,"","","","","","",How stressed did you feel during the previous task?,"-10 being completely relaxed, 0 being neither relaxed nor stressed, and +10 being extremely stressed",slider,-10_10_1,"1","","2","","",present,"",801,"","",393237,-6,9186,"0",-6